date,campaign_id,campaign_name,ad_set_id,ad_set_name,impressions,clicks,spend,conversions,video_views,engagement_rate,reach,frequency
01-01-2024,fb_1001,Brand_Awareness_Q1,fbset_2001,Broad_Audience_18-35,45623,892,127.5,12,8234,0.0195,38234,1.19
01-01-2024,fb_1002,Conversions_Retargeting,fbset_2002,Cart_Abandoners,12456,567,215.8,34,1234,0.0455,9876,1.26
01-01-2024,fb_1003,Traffic_Drive_Jan,fbset_2003,Lookalike_Purchasers,34567,1234,189.9,23,4567,0.0357,28934,1.19
02-01-2024,fb_1001,Brand_Awareness_Q1,fbset_2001,Broad_Audience_18-35,42345,823,118.2,10,7890,0.0194,36789,1.15
02-01-2024,fb_1002,Conversions_Retargeting,fbset_2002,Cart_Abandoners,13678,623,234.5,38,1456,0.0455,10234,1.34
02-01-2024,fb_1003,Traffic_Drive_Jan,fbset_2003,Lookalike_Purchasers,36789,1345,201.3,25,4890,0.0366,30123,1.22
03-01-2024,fb_1001,Brand_Awareness_Q1,fbset_2001,Broad_Audience_18-35,48234,967,134.8,14,8901,0.0201,40123,1.2
03-01-2024,fb_1002,Conversions_Retargeting,fbset_2002,Cart_Abandoners,11234,489,198.7,31,1123,0.0435,8901,1.26
03-01-2024,fb_1003,Traffic_Drive_Jan,fbset_2003,Lookalike_Purchasers,38901,1456,213.4,28,5234,0.0375,31456,1.24
04-01-2024,fb_1001,Brand_Awareness_Q1,fbset_2001,Broad_Audience_18-35,51234,1023,142.3,15,9234,0.02,42567,1.2
04-01-2024,fb_1002,Conversions_Retargeting,fbset_2002,Cart_Abandoners,14567,678,245.6,42,1567,0.0465,11234,1.3
04-01-2024,fb_1004,Video_Views_Campaign,fbset_2004,Video_Enthusiasts,67890,234,89.5,5,45678,0.0034,56789,1.2
05-01-2024,fb_1001,Brand_Awareness_Q1,fbset_2001,Broad_Audience_18-35,46789,934,131.2,13,8567,0.02,39234,1.19
05-01-2024,fb_1002,Conversions_Retargeting,fbset_2002,Cart_Abandoners,12890,567,220.3,36,1345,0.044,10123,1.27
05-01-2024,fb_1004,Video_Views_Campaign,fbset_2004,Video_Enthusiasts,71234,256,94.8,6,48901,0.0036,59234,1.2
06-01-2024,fb_1001,Brand_Awareness_Q1,fbset_2001,Broad_Audience_18-35,44567,878,125.6,11,8123,0.0197,37456,1.19
06-01-2024,fb_1003,Traffic_Drive_Jan,fbset_2003,Lookalike_Purchasers,35678,1289,195.6,24,4678,0.0361,29345,1.22
06-01-2024,fb_1004,Video_Views_Campaign,fbset_2004,Video_Enthusiasts,69456,245,91.2,5,47234,0.0035,57890,1.2
07-01-2024,fb_1001,Brand_Awareness_Q1,fbset_2001,Broad_Audience_18-35,49876,1067,145.9,16,9567,0.0214,41234,1.21
07-01-2024,fb_1002,Conversions_Retargeting,fbset_2002,Cart_Abandoners,13456,623,237.8,40,1456,0.0463,10567,1.27
07-01-2024,fb_1003,Traffic_Drive_Jan,fbset_2003,Lookalike_Purchasers,37234,1367,207.9,27,5012,0.0367,30678,1.21
08-01-2024,fb_1001,Brand_Awareness_Q1,fbset_2001,Broad_Audience_18-35,47234,945,135.4,14,8789,0.02,39567,1.19
08-01-2024,fb_1002,Conversions_Retargeting,fbset_2002,Cart_Abandoners,12123,534,212.4,35,1234,0.0441,9567,1.27
08-01-2024,fb_1004,Video_Views_Campaign,fbset_2004,Video_Enthusiasts,73456,267,98.3,7,50123,0.0036,60234,1.22
09-01-2024,fb_1001,Brand_Awareness_Q1,fbset_2001,Broad_Audience_18-35,50123,1012,141.7,15,9345,0.0202,41890,1.2
09-01-2024,fb_1003,Traffic_Drive_Jan,fbset_2003,Lookalike_Purchasers,36456,1312,199.8,26,4823,0.036,30234,1.21
09-01-2024,fb_1004,Video_Views_Campaign,fbset_2004,Video_Enthusiasts,70123,253,93.6,6,48234,0.0036,58456,1.2
10-01-2024,fb_1001,Brand_Awareness_Q1,fbset_2001,Broad_Audience_18-35,48567,978,137.8,14,8945,0.0201,40456,1.2
10-01-2024,fb_1002,Conversions_Retargeting,fbset_2002,Cart_Abandoners,13789,645,241.2,41,1489,0.0468,10789,1.28
10-01-2024,fb_1003,Traffic_Drive_Jan,fbset_2003,Lookalike_Purchasers,38456,1423,217.5,29,5123,0.037,31234,1.23
11-01-2024,fb_1001,Brand_Awareness_Q1,fbset_2001,Broad_Audience_18-35,52123,1089,148.6,17,9567,0.0209,43234,1.21
11-01-2024,fb_1002,Conversions_Retargeting,fbset_2002,Cart_Abandoners,14567,723,256.4,44,1612,0.0496,11456,1.27
11-01-2024,fb_1003,Traffic_Drive_Jan,fbset_2003,Lookalike_Purchasers,39789,1534,225.8,31,5456,0.0386,32567,1.22
11-01-2024,fb_1004,Video_Views_Campaign,fbset_2004,Video_Enthusiasts,76234,278,101.5,8,52345,0.0037,62456,1.22
12-01-2024,fb_1001,Brand_Awareness_Q1,fbset_2001,Broad_Audience_18-35,49234,1012,140.3,15,9123,0.0206,41567,1.18
12-01-2024,fb_1002,Conversions_Retargeting,fbset_2002,Cart_Abandoners,13456,634,239.7,39,1378,0.0471,10567,1.27
12-01-2024,fb_1003,Traffic_Drive_Jan,fbset_2003,Lookalike_Purchasers,37890,1398,212.4,28,5012,0.0369,30890,1.23
12-01-2024,fb_1004,Video_Views_Campaign,fbset_2004,Video_Enthusiasts,72890,261,96.8,7,49567,0.0036,59123,1.23
13-01-2024,fb_1001,Brand_Awareness_Q1,fbset_2001,Broad_Audience_18-35,42345,856,121.5,12,7890,0.0202,35678,1.19
13-01-2024,fb_1002,Conversions_Retargeting,fbset_2002,Cart_Abandoners,11234,523,198.6,32,1123,0.0466,8901,1.27
13-01-2024,fb_1003,Traffic_Drive_Jan,fbset_2003,Lookalike_Purchasers,33456,1203,185.3,23,4234,0.036,27890,1.2
13-01-2024,fb_1004,Video_Views_Campaign,fbset_2004,Video_Enthusiasts,64567,238,83.4,5,43234,0.0037,52890,1.22
14-01-2024,fb_1001,Brand_Awareness_Q1,fbset_2001,Broad_Audience_18-35,40123,798,114.7,11,7345,0.0199,33456,1.2
14-01-2024,fb_1002,Conversions_Retargeting,fbset_2002,Cart_Abandoners,10567,489,185.9,29,998,0.0463,8234,1.28
14-01-2024,fb_1003,Traffic_Drive_Jan,fbset_2003,Lookalike_Purchasers,31234,1123,173.8,21,3890,0.036,26123,1.2
14-01-2024,fb_1004,Video_Views_Campaign,fbset_2004,Video_Enthusiasts,61234,223,78.9,4,40567,0.0036,50123,1.22
15-01-2024,fb_1001,Brand_Awareness_Q1,fbset_2001,Broad_Audience_18-35,46789,934,132.4,14,8567,0.02,39234,1.19
15-01-2024,fb_1002,Conversions_Retargeting,fbset_2002,Cart_Abandoners,12890,567,221.3,37,1345,0.044,10123,1.27
15-01-2024,fb_1003,Traffic_Drive_Jan,fbset_2003,Lookalike_Purchasers,35678,1289,196.6,25,4678,0.0361,29345,1.22
15-01-2024,fb_1004,Video_Views_Campaign,fbset_2004,Video_Enthusiasts,68456,248,87.6,6,46234,0.0036,56789,1.21
16-01-2024,fb_1001,Brand_Awareness_Q1,fbset_2001,Broad_Audience_18-35,50234,1023,143.8,16,9234,0.0204,42345,1.19
16-01-2024,fb_1002,Conversions_Retargeting,fbset_2002,Cart_Abandoners,14234,678,248.5,42,1567,0.0477,11234,1.27
16-01-2024,fb_1003,Traffic_Drive_Jan,fbset_2003,Lookalike_Purchasers,38456,1423,218.7,30,5123,0.037,31234,1.23
16-01-2024,fb_1004,Video_Views_Campaign,fbset_2004,Video_Enthusiasts,73456,267,94.2,7,49890,0.0036,59567,1.24
17-01-2024,fb_1001,Brand_Awareness_Q1,fbset_2001,Broad_Audience_18-35,51789,1089,152.3,18,9567,0.021,43567,1.19
17-01-2024,fb_1002,Conversions_Retargeting,fbset_2002,Cart_Abandoners,15234,734,264.7,46,1678,0.0482,12123,1.26
17-01-2024,fb_1003,Traffic_Drive_Jan,fbset_2003,Lookalike_Purchasers,40123,1534,232.8,33,5456,0.0382,32890,1.22
17-01-2024,fb_1004,Video_Views_Campaign,fbset_2004,Video_Enthusiasts,75890,278,98.5,8,51234,0.0037,61567,1.23
18-01-2024,fb_1001,Brand_Awareness_Q1,fbset_2001,Broad_Audience_18-35,49567,1012,144.6,16,9123,0.0204,41890,1.18
18-01-2024,fb_1002,Conversions_Retargeting,fbset_2002,Cart_Abandoners,14567,689,253.4,43,1489,0.0473,11567,1.26
18-01-2024,fb_1003,Traffic_Drive_Jan,fbset_2003,Lookalike_Purchasers,38901,1456,224.5,31,5234,0.0374,31456,1.24
18-01-2024,fb_1004,Video_Views_Campaign,fbset_2004,Video_Enthusiasts,72345,261,92.7,7,48567,0.0036,58234,1.24
19-01-2024,fb_1001,Brand_Awareness_Q1,fbset_2001,Broad_Audience_18-35,47890,967,138.4,15,8789,0.0202,40234,1.19
19-01-2024,fb_1002,Conversions_Retargeting,fbset_2002,Cart_Abandoners,13890,634,235.8,40,1378,0.0457,10890,1.27
19-01-2024,fb_1003,Traffic_Drive_Jan,fbset_2003,Lookalike_Purchasers,37234,1367,209.9,28,5012,0.0367,30678,1.21
19-01-2024,fb_1004,Video_Views_Campaign,fbset_2004,Video_Enthusiasts,70123,253,89.4,6,47234,0.0036,57890,1.21
20-01-2024,fb_1001,Brand_Awareness_Q1,fbset_2001,Broad_Audience_18-35,43234,878,125.7,13,7890,0.0203,36567,1.18
20-01-2024,fb_1002,Conversions_Retargeting,fbset_2002,Cart_Abandoners,11890,545,202.3,34,1156,0.0458,9567,1.28
20-01-2024,fb_1003,Traffic_Drive_Jan,fbset_2003,Lookalike_Purchasers,34567,1234,189.6,24,4567,0.0357,28934,1.19
20-01-2024,fb_1004,Video_Views_Campaign,fbset_2004,Video_Enthusiasts,65234,234,81.2,5,43567,0.0036,53456,1.19
21-01-2024,fb_1001,Brand_Awareness_Q1,fbset_2001,Broad_Audience_18-35,41567,823,118.9,12,7456,0.0198,35123,1.18
21-01-2024,fb_1002,Conversions_Retargeting,fbset_2002,Cart_Abandoners,10234,467,178.4,30,945,0.0456,8456,1.21
21-01-2024,fb_1003,Traffic_Drive_Jan,fbset_2003,Lookalike_Purchasers,32890,1178,171.2,22,3789,0.0358,27234,1.21
21-01-2024,fb_1004,Video_Views_Campaign,fbset_2004,Video_Enthusiasts,62345,223,76.3,4,41234,0.0036,51567,1.2
22-01-2024,fb_1001,Brand_Awareness_Q1,fbset_2001,Broad_Audience_18-35,45234,912,129.8,14,8234,0.0202,38567,1.17
22-01-2024,fb_1002,Conversions_Retargeting,fbset_2002,Cart_Abandoners,12456,567,209.6,36,1234,0.0455,9876,1.26
22-01-2024,fb_1003,Traffic_Drive_Jan,fbset_2003,Lookalike_Purchasers,35123,1267,194.5,26,4345,0.0361,29123,1.21
22-01-2024,fb_1004,Video_Views_Campaign,fbset_2004,Video_Enthusiasts,66789,245,84.7,5,44567,0.0037,54890,1.22
23-01-2024,fb_1001,Brand_Awareness_Q1,fbset_2001,Broad_Audience_18-35,48567,989,140.3,15,8945,0.0204,40456,1.2
23-01-2024,fb_1002,Conversions_Retargeting,fbset_2002,Cart_Abandoners,13789,623,229.8,38,1489,0.0452,10789,1.28
23-01-2024,fb_1003,Traffic_Drive_Jan,fbset_2003,Lookalike_Purchasers,37456,1389,213.4,29,4890,0.0371,30567,1.22
23-01-2024,fb_1004,Video_Views_Campaign,fbset_2004,Video_Enthusiasts,71234,256,90.5,6,48123,0.0036,58567,1.22
24-01-2024,fb_1001,Brand_Awareness_Q1,fbset_2001,Broad_Audience_18-35,51234,1067,149.7,17,9234,0.0208,42567,1.2
24-01-2024,fb_1002,Conversions_Retargeting,fbset_2002,Cart_Abandoners,14890,712,251.6,43,1578,0.0478,11790,1.26
24-01-2024,fb_1003,Traffic_Drive_Jan,fbset_2003,Lookalike_Purchasers,39234,1489,227.9,32,5234,0.0379,32123,1.22
24-01-2024,fb_1004,Video_Views_Campaign,fbset_2004,Video_Enthusiasts,74567,267,95.8,7,50234,0.0036,60789,1.23
25-01-2024,fb_1001,Brand_Awareness_Q1,fbset_2001,Broad_Audience_18-35,52789,1123,156.4,18,9567,0.0213,43890,1.2
25-01-2024,fb_1002,Conversions_Retargeting,fbset_2002,Cart_Abandoners,15678,756,268.9,47,1678,0.0482,12345,1.27
25-01-2024,fb_1003,Traffic_Drive_Jan,fbset_2003,Lookalike_Purchasers,40567,1567,238.6,34,5456,0.0386,33234,1.22
25-01-2024,fb_1004,Video_Views_Campaign,fbset_2004,Video_Enthusiasts,76890,278,99.2,8,51567,0.0036,62890,1.23
26-01-2024,fb_1001,Brand_Awareness_Q1,fbset_2001,Broad_Audience_18-35,50123,1034,147.5,17,9123,0.0206,41890,1.2
26-01-2024,fb_1002,Conversions_Retargeting,fbset_2002,Cart_Abandoners,14234,689,254.7,44,1456,0.0484,11234,1.27
26-01-2024,fb_1003,Traffic_Drive_Jan,fbset_2003,Lookalike_Purchasers,38890,1445,231.2,32,5123,0.0372,31567,1.23
26-01-2024,fb_1004,Video_Views_Campaign,fbset_2004,Video_Enthusiasts,73456,261,94.6,7,49234,0.0036,59567,1.23
27-01-2024,fb_1001,Brand_Awareness_Q1,fbset_2001,Broad_Audience_18-35,46234,934,133.8,15,8456,0.0202,38890,1.19
27-01-2024,fb_1002,Conversions_Retargeting,fbset_2002,Cart_Abandoners,12567,567,209.4,36,1267,0.0451,9890,1.27
27-01-2024,fb_1003,Traffic_Drive_Jan,fbset_2003,Lookalike_Purchasers,35890,1289,197.8,27,4567,0.0359,29567,1.21
27-01-2024,fb_1004,Video_Views_Campaign,fbset_2004,Video_Enthusiasts,68234,245,85.9,5,45678,0.0036,55890,1.22
28-01-2024,fb_1001,Brand_Awareness_Q1,fbset_2001,Broad_Audience_18-35,44567,890,127.6,13,8123,0.02,37456,1.19
28-01-2024,fb_1002,Conversions_Retargeting,fbset_2002,Cart_Abandoners,11456,523,192.3,33,1089,0.0457,8967,1.28
28-01-2024,fb_1003,Traffic_Drive_Jan,fbset_2003,Lookalike_Purchasers,33567,1203,184.5,25,4123,0.0358,27890,1.2
28-01-2024,fb_1004,Video_Views_Campaign,fbset_2004,Video_Enthusiasts,65789,234,80.4,4,43890,0.0036,54123,1.21
29-01-2024,fb_1001,Brand_Awareness_Q1,fbset_2001,Broad_Audience_18-35,47890,967,138.4,15,8789,0.0202,40234,1.19
29-01-2024,fb_1002,Conversions_Retargeting,fbset_2002,Cart_Abandoners,13234,612,226.5,39,1345,0.0463,10456,1.27
29-01-2024,fb_1003,Traffic_Drive_Jan,fbset_2003,Lookalike_Purchasers,36234,1334,203.7,28,4678,0.0368,30123,1.2
29-01-2024,fb_1004,Video_Views_Campaign,fbset_2004,Video_Enthusiasts,69567,253,88.7,6,46890,0.0036,57123,1.22
30-01-2024,fb_1001,Brand_Awareness_Q1,fbset_2001,Broad_Audience_18-35,49234,1001,142.8,16,9012,0.0203,41567,1.18
30-01-2024,fb_1002,Conversions_Retargeting,fbset_2002,Cart_Abandoners,14123,645,236.9,41,1423,0.0457,11123,1.27
30-01-2024,fb_1003,Traffic_Drive_Jan,fbset_2003,Lookalike_Purchasers,37890,1412,216.5,30,4956,0.0373,30890,1.23
30-01-2024,fb_1004,Video_Views_Campaign,fbset_2004,Video_Enthusiasts,72123,261,91.3,7,48567,0.0036,58890,1.22
